<?xml version="1.0" encoding="UTF-8" standalone="yes"?>
<content>
    <qradarversion>7.2.8.20160920132350</qradarversion>
    <application_zip>
        <filedata>installed_application-ContentExport-20171109160409/1162.zip</filedata>
        <id>/store/qapp/1162/1162.zip</id>
    </application_zip>
    <installed_application>
        <zip_source_file_path>/store/qapp/1162/1162.zip</zip_source_file_path>
        <status>RUNNING</status>
        <manifest>{&quot;configuration_pages&quot;:[{&quot;icon&quot;:&quot;static\/images\/CS_Logo1.png&quot;,&quot;text&quot;:&quot;CyberSponse&quot;,&quot;description&quot;:&quot;CyberSponse&quot;,&quot;required_capabilities&quot;:[&quot;ADMIN&quot;],&quot;url&quot;:&quot;cs_config&quot;}],&quot;docker_port&quot;:49167,&quot;description&quot;:&quot;CyberSponse Integration&quot;,&quot;name&quot;:&quot;CyberSponse Integration&quot;,&quot;areas&quot;:[{&quot;id&quot;:&quot;editorArea_CyberSponse_Integration&quot;,&quot;text&quot;:&quot;CyberSponse Integration Development&quot;,&quot;description&quot;:&quot;Application Development&quot;,&quot;required_capabilities&quot;:[&quot;ADMIN&quot;],&quot;url&quot;:&quot;app_editor\/editor&quot;}],&quot;app_id&quot;:1162,&quot;console_ip&quot;:&quot;10.1.3.90&quot;,&quot;uuid&quot;:&quot;7c40a5da-932a-4c3c-b058-8bd752866b06&quot;,&quot;gui_actions&quot;:[{&quot;id&quot;:&quot;createCyOPsAlert&quot;,&quot;icon&quot;:&quot;static\/images\/CS_Logo_Black.png&quot;,&quot;rest_method&quot;:&quot;offenseToCyOPsAlert&quot;,&quot;javascript&quot;:&quot;alert(result.message)&quot;,&quot;text&quot;:&quot;Create CyOPs Alert&quot;,&quot;description&quot;:&quot;Create a CyOPs alert with details from this offense - requires QRadar Connector deployed on CyOPs &quot;,&quot;groups&quot;:[&quot;OffenseSummaryToolbar&quot;]}],&quot;debugging&quot;:true,&quot;docker_host&quot;:&quot;localhost&quot;,&quot;rest_methods&quot;:[{&quot;argument_names&quot;:[&quot;context&quot;],&quot;name&quot;:&quot;offenseToCyOPsAlert&quot;,&quot;method&quot;:&quot;GET&quot;,&quot;url&quot;:&quot;\/offense_to_cyops_alert&quot;}],&quot;version&quot;:&quot;1.1.0&quot;}</manifest>
        <task_id>972</task_id>
        <task_status>COMPLETED</task_status>
        <memory>200</memory>
        <image_id>6ffc13ab00014e3b88e57a1c9ffb51f3</image_id>
        <installed_on>1510223430180</installed_on>
        <id>1162</id>
        <docker_port>49167</docker_port>
        <description>CyberSponse Integration</description>
        <name>CyberSponse Integration</name>
        <installed_by>admin</installed_by>
        <container_id>53398848b002939e5f2f8b1f305345076b0a1c5aeb65f0230f00c500850f8724</container_id>
    </installed_application>
</content>
